SORTING,Name,Price,URL
판매 인기순 정렬,마이쮸 포도사과 2개+딸기복숭아 2개 ,"29,900",http://item.gmarket.co.kr/Item?goodscode=2381196753
판매 인기순 정렬,페브리즈 화장실용 비치형 6ml 산뜻한 사과향 3개 k ,"13,700",http://item.gmarket.co.kr/Item?goodscode=1785093848
판매 인기순 정렬,자연과사람들이만든 사과드링크 175ml60캔 신제품 출시 ,"14,900",http://item.gmarket.co.kr/Item?goodscode=2043064751
판매 인기순 정렬,쇼킹사과초클렌저 1+1+1/개기름+피지+블랙헤드 제거 ,"19,900",http://item.gmarket.co.kr/Item?goodscode=1778758280
판매 인기순 정렬,대용량 마이쮸 딸기복숭아 2개+마이쮸 포도사과 2개 ,"18,600",http://item.gmarket.co.kr/Item?goodscode=2058106740
판매 인기순 정렬,과수원 사과 190ml 24입 x2 (48팩) ,"16,500",http://item.gmarket.co.kr/Item?goodscode=1615605304
판매 인기순 정렬,과일촌 아침에사과 1.5L X12 PET ,"22,900",http://item.gmarket.co.kr/Item?goodscode=1923575594
판매 인기순 정렬,오늘의야채 유기농 사과당근 200ml 20개입 ,"27,500",http://item.gmarket.co.kr/Item?goodscode=1735074446
판매 인기순 정렬,마이쮸 딸기복숭아 720g+포도사과 720g ,"18,900",http://item.gmarket.co.kr/Item?goodscode=2176441602
판매 인기순 정렬,매일 피크닉 사과 200ml 48팩 /음료수/쥬스/주스 ,"14,600",http://item.gmarket.co.kr/Item?goodscode=1558773605
